key,name,description,rating,rating_count,ingredients
0_hd,White Chocolate Raspberry Truffle Ice Cream,A truly exquisite ice cream inspired by fine chocolate truffles. We begin with pure white chocolate ice cream and swirl in satisfying chunks of chocolaty fudge truffles and a tangy raspberry ribbon.,4.9,168,"CREAM, SKIM MILK, SUGAR, RASPBERRY PUREE, LACTOSE REDUCED SKIM MILK, CORN SYRUP, EGG YOLKS, COCONUT OIL, SOYBEAN OIL, COCOA PROCESSED WITH ALKALI, COCOA POWDER, NATURAL FLAVOR, LEMON JUICE CONCENTRATE, PECTIN, COCOA BUTTER, SALT, VANILLA EXTRACT"
1_hd,Banana Peanut Butter Chip Ice Cream,Ribbons of rich peanut butter and bits of chocolate chips are folded into sweet banana ice cream to create this playfully indulgent flavor.,4.7,80,"CREAM, SKIM MILK, SUGAR, PEANUTS, BANANA PUREE, EGG YOLKS, COCONUT OIL, PEANUT OIL, COCOA PROCESSED WITH ALKALI, BUTTER OIL, SOY LECITHIN, SALT, NATURAL FLAVOR, MILK"
2_hd,Bourbon Praline Pecan Ice Cream,Treat yourself to ice cream infused with smooth Bourbon sprinkled with brown sugar and given the perfect crunch with praline pecans.,4.1,191,"CREAM, SKIM MILK, SUGAR, BROWN SUGAR, EGG YOLKS, PECANS, CORN SYRUP, MOLASSES, SWEETENED CONDENSED SKIM MILK (SKIM MILK, SUGAR), MAPLE SYRUP, BUTTER (CREAM, SALT), NATURAL FLAVORS (CONTAINS BARLEY), PECTIN, SALT, CORN STARCH, BAKING SODA, CARAMEL FLAVOR, BOURBON"
3_hd,Bourbon Vanilla Bean Truffle Ice Cream,"A classic pairing made even better, enjoy creamy vanilla bean ice cream dotted with chocolate truffles and swirled with spicy Bourbon.",4.0,89,"CREAM, SKIM MILK, SUGAR, HONEY, EGG YOLKS, BROWN SUGAR, MOLASSES, COCONUT OIL, SOYBEAN OIL, COCOA PROCESSED WITH ALKALI, BOURBON, COCOA, CORN STARCH, GROUND VANILLA BEANS, NATURAL FLAVORS, VANILLA EXTRACT, PECTIN, SOY LECITHIN"
4_hd,Butter Pecan Ice Cream,"An American classic, revisited with our passion for singular flavor. We blend spoonful after spoonful of buttery roasted pecans with pure, sweet cream to create a delight like no other.",4.3,111,"CREAM, SKIM MILK, SUGAR, PECANS, LACTOSE REDUCED SKIM MILK, CORN SYRUP, EGG YOLKS, COCONUT OIL, SALT, BUTTER, CREAM, SALT, VANILLA EXTRACT"
5_hd,Caramel Soft Dipped Ice Cream Bar,"Introducing New Soft Dipped Caramel Ice Cream Bars. A delicious pairing of indulgent caramel ice cream with a rich caramel swirl, covered in a soft chocolate truffle coating.",4.9,8,"CARAMEL ICE CREAM: CREAM, SKIM MILK, SUGAR, EGG YOLKS, SWEETENED CONDENSED MILK (CONDENSED MILK SUGAR), CORN SYRUP, SALT, PECTIN, BAKING SODA, VANILLA EXTRACT. CHOCOLATY COATING: SUGAR, COCOA PROCESSED WITH ALKALI, CANOLA OIL, PALM OIL, MILKFAT, SOY LECITHIN. SALTED CARAMEL SWIRL: CORN SYRUP, SWEETENED CONDENSED MILK (CONDENSED MILK SUGAR), CREAM, SUGAR, WATER, BUTTER (CREAM, SALT), SALT, PECTIN, MILKFAT, SOY LECITHIN.
CONTAINS: MILK, EGG AND SOY INGREDIENTS"
6_hd,Caramel Cone Ice Cream,"We balance a creamy blend of caramel ice cream and rich caramel swirls with the sweet crunch of chocolaty cone pieces to create a sweet, harmonious bite.",4.7,185,"CREAM, SKIM MILK, SUGAR, EGG YOLKS, SWEETENED CONDENSED MILK, MILK, SUGAR, CORN SYRUP, BUTTER, CREAM, SALT, SALT, PECTIN, NATURAL FLAVOR, SUGAR, CONE PIECES, WHEAT FLOUR, SUGAR, SOYBEAN OIL, SOY LECITHIN, SALT, COCONUT OIL, COCOA, COCOA PROCESSED WITH ALKALI, BUTTER OIL, SUGAR, CONDENSED SKIM MILK, CORN SYRUP, WATER, BUTTER, CREAM, SALT, SALT, PECTIN, NATURAL FLAVOR, BAKING SODA"
7_hd,Caramel Cone Ice Cream Bar,"Your favorite Caramel Pizzelle Bar, renamed. Golden ribbons of caramel in creamy vanilla gelato, enrobed in rich milk chocolate and crunchy italian style cone pieces.",4.8,23,"CREAM, SKIM MILK, SUGAR, EGG YOLKS, MILK CHOCOLATE, SUGAR, WHOLE MILK POWDER, CHOCOLATE, COCOA BUTTER, SOY LECITHIN, VANILLA EXTRACT, CORN SYRUP, SWEETENED CONDENSED MILK, CONDENSED MILK, SUGAR, CREAM, SUGAR, WATER, BUTTER, CREAM, SALT, SALT, PECTIN, WHEAT FLOUR, SUGAR, SOYBEAN OIL, SOY LECITHIN"
8_hd,Cherry Vanilla Ice Cream,"The cherries of spring lend their delightful taste to our cherry vanilla ice cream. It is the perfect combination of pure, sweet cream and juicy black cherries.",4.2,26,"CREAM, SKIM MILK, SUGAR, BLACK CHERRIES, EGG YOLKS, CHERRIES, CHERRY JUICE CONCENTRATE, VANILLA EXTRACT, APPLE JUICE, NATURAL FLAVOR, LEMON JUICE CONCENTRATE, PECTIN"
9_hd,Chocolate Ice Cream,"Rich, creamy, and totally indulgent. Made from the finest cocoa and pure, sweet cream, our chocolate ice cream is the ultimate experience.",4.9,90,"CREAM, SKIM MILK, CANE SUGAR, COCOA PROCESSED WITH ALKALI, EGG YOLKS"
10_hd,Chocolate Soft Dipped Ice Cream Bar,Introducing New Soft Dipped Chocolate Ice Cream Bars. A decadent pairing of rich chocolate ice cream covered in a soft chocolate truffle coating.,2.6,25,"CHOCOLATE ICE CREAM: CREAM, SKIM MILK, SUGAR, COCOA PROCESSED WITH ALKALI, EGG YOLKS. CHOCOLATY COATING: SUGAR, COCOA PROCESSED WITH ALKALI, CANOLA OIL, PALM OIL, SOY LECITHIN.
CONTAINS: MILK, EGG AND SOY INGREDIENTS"
11_hd,Chocolate Chip Cookie Dough Ice Cream,"For those who relish a taste of something playful, we re-created a childhood treat. We blend chunks of buttery cookie dough and sweet fudge chips with our finest pure vanilla ice cream. Ah, such sweet memories.",3.3,29,"CREAM, SKIM MILK, SUGAR, WHEAT FLOUR, BROWN SUGAR, MOLASSES, SUGAR, BUTTER, CREAM, SALT, EGG YOLKS, COCONUT OIL, VANILLA EXTRACT, COCOA PROCESSED WITH ALKALI, CORN OIL, FRUCTOSE, BUTTER OIL, CORN SYRUP, CORN STARCH, SOY LECITHIN, SALT, BAKING SODA, NATURAL FLAVOR, MILK"
12_hd,Chocolate Chocolate Chip Ice Cream,"Our chocolate chocolate chip ice cream is the perfect combination of pure, sweet cream, fine cocoa, and chocolate chips. Truly a decadent ice cream experience.",4.7,46,"CREAM, SKIM MILK, CANE SUGAR, CHOCOLATE, COCOA PROCESSED WITH ALKALI, EGG YOLKS, COCOA BUTTER, VANILLA EXTRACT"
13_hd,Chocolate Dark Chocolate Ice Cream Bar,"Between the classic rich and creamy chocolate ice cream inside, and the thick and crunchy dark chocolate coating finely drizzled on the outside, this is a chocolate connoisseur's delight.",4.5,22,"CREAM, SKIM MILK, SUGAR, COCOA PROCESSED WITH ALKALI, DARK CHOCOLATE, SUGAR, CHOCOLATE, SOY LECITHIN, VANILLA EXTRACT, COCONUT OIL, SOYBEAN OIL"
14_hd,Chocolate Fudge Non-Dairy Bar,"Enjoy an indulgent non-dairy and vegan bar made from Belgian chocolate, cocoa, and swirls of chocolate fudge that’s finished with a decadent rice milk chocolate coating.",5.0,22,"WATER, SUGAR, CORN SYRUP, CHOCOLATE, COCONUT OIL, POWDERED SUGAR, SUGAR, CORN STARCH, COCOA BUTTER, SUNFLOWER OIL, COCOA PROCESSED WITH ALKALI, COCOA, SOYBEAN OIL, SOY LECITHIN, PECTIN, VANILLA EXTRACT, SALT, SUNFLOWER LECITHIN"
15_hd,Chocolate Peanut Butter Ice Cream,"We start with our legendary chocolate ice cream and swirl in ribbons of creamy, smooth peanut butter. The experience is an irresistible blend of flavors in every delicious mouthful.",4.2,173,"CREAM, SKIM MILK, CANE SUGAR, PEANUTS, EGG YOLKS, CHOCOLATE, COCOA PROCESSED WITH ALKALI, PEANUT OIL, SALT"
16_hd,Chocolate Salted Fudge Truffle Non-Dairy,Rich Belgian chocolate is blended with swirls of sweet salted fudge and chunks of fudge truffles to create an incredible non-dairy and vegan indulgence that isn't missing a thing.,4.8,97,"WATER, SUGAR, CORN SYRUP, BELGIAN CHOCOLATE, POWDERED SUGAR, SUGAR, CORN STARCH, COCOA PROCESSED WITH ALKALI, SUNFLOWER OIL, COCOA, COCONUT OIL, SOYBEAN OIL, SOY LECITHIN, PECTIN, VANILLA EXTRACT, SALT, NATURAL FLAVOR, SUNFLOWER LECITHIN"
17_hd,Chocolate Sea Salt Caramel HEAVEN Light Ice Cream,Introducing new HEAVEN Chocolate Sea Salt Caramel light ice cream. Sink your spoon into dreamy chocolate light ice cream swirled with a ribbon of decadent sea salt caramel.,4.1,13,"SKIM MILK, CANE SUGAR, CREAM, COCOA PROCESSED WITH ALKALI, EGG YOLKS, CORN SYRUP, SWEETENED CONDENSED MILK, CONDENSED MILK, CANE SUGAR, BUTTER, CREAM, SALT, PECTIN, SEA SALT, SUNFLOWER LECITHIN, BAKING SODA, VITAMIN A PALMITATE"
18_hd,Coconut Caramel Non-Dairy,This one-of-a-kind non-dairy and vegan creation gives you more of what you love. Enjoy an irresistible combination of creamy coconut and ribbons of luscious caramel.,4.9,11,"COCONUT CREAM (COCONUT EXTRACT, WATER), CORN SYRUP, WATER, SUGAR, PECTIN. CARAMEL SWIRL: BROWN SUGAR, COCONUT CREAM (COCONUT EXTRACT, WATER), WATER, SALT, PECTIN"
19_hd,Coconut Caramel Chocolate TRIO CRISPY LAYERS,Layers of creamy coconut and chocolate ice cream mingle with crisp Belgian milk chocolate and luscious caramel sauce for three times the indulgence.,4.6,26,"SKIM MILK, SUGAR, EGG YOLKS, COCONUT CREAM, CORN STARCH, NATURAL FLAVOR, LEMON JUICE CONCENTRATE, CREAM, SKIM MILK, SUGAR, COCOA PROCESSED WITH ALKALI, SUGAR, COCONUT OIL, SOY LECITHIN, CORN SYRUP, SWEETENED CONDENSED MILK, CONDENSED MILK, SUGAR, CREAM, SUGAR, WATER, BUTTER, CREAM, SALT, SALT, PECTIN, SOY LECITHIN"
20_hd,Coconut Caramel Dark Chocolate Non-Dairy Bar,"Velvety coconut cream is swirled with ribbons of luscious caramel sauce, then dipped in dark chocolate and finished with a rich, dark chocolate drizzle. It raises the bar for non-dairy and vegan indulgence.",4.6,31,"COCONUT CREAM, COCONUT EXTRACT, WATER, CORN SYRUP, WATER, SUGAR, DARK CHOCOLATE, SUGAR, CHOCOLATE, SOY LECITHIN, VANILLA EXTRACT, COCONUT OIL, BROWN SUGAR, COCONUT CREAM, COCONUT EXTRACT, WATER, WATER, COCONUT OIL, PECTIN, SALT"
21_hd,Coffee Ice Cream,"We roast the finest Brazilian coffee beans and brew them to perfection to bring out their rich, complex flavor. the combination of the brew with our pure, creamy ice cream awakens the senses.",4.6,173,"CREAM, SKIM MILK, CANE SUGAR, EGG YOLKS, COFFEE"
22_hd,Coffee Almond Crunch Ice Cream Bar,Coffee ice cream bar dipped in rich milk chocolate and almonds.,4.3,42,"CREAM, SKIM MILK, SUGAR, EGG YOLKS, MILK CHOCOLATE, SUGAR, WHOLE MILK POWDER, CHOCOLATE, COCOA BUTTER, SOY LECITHIN, VANILLA EXTRACT, COCONUT OIL, ALMONDS ROASTED IN VEGETABLE OIL, ALMONDS, SAFFLOWER OIL, TOFFEE, CORN SYRUP, SUGAR, BUTTER, CREAM, SALT, BROWN SUGAR, ALMONDS, BAKING SODA, SOY LECITHIN, SALT"
23_hd,Coffee Chip Ice Cream,"We took our beloved Java Chip Ice Cream and made its famous coffee taste even better. Rich, sweet chocolaty chips balance our full-bodied coffee ice cream in this delicious homage to one of life's most perfect pairings.",3.1,111,"CREAM, SKIM MILK, SUGAR, POWDERED SUGAR, SUGAR, CORN STARCH, EGG YOLKS, COCONUT OIL, COFFEE, COCOA PROCESSED WITH ALKALI, BUTTER OIL, SOY LECITHIN, NATURAL FLAVOR, MILK"
24_hd,Coffee Vanilla Chocolate TRIO CRISPY LAYERS,The rich complexity of our classic coffee ice cream paired with silky vanilla ice cream and an indulgent Belgian chocolate crunch.,4.4,48,"VANILLA ICE CREAM, CREAM, SKIM MILK, CANE SUGAR, EGG YOLKS, VANILLA EXTRACT, COFFEE ICE CREAM, CREAM, SKIM MILK, CANE SUGAR, EGG YOLKS, COFFEE, SUGAR, COCONUT OIL, WHOLE MILK POWDER, COCOA BUTTER, SOY LECITHIN, VANILLA EXTRACT"
25_hd,Cold Brew Espresso Chip HEAVEN Light Ice Cream,Introducing new HEAVEN Cold Brew Espresso Chip light ice cream. Take a break with this rich and flavorful coffee light ice cream with a burst of chocolate espresso chips.,4.5,18,"SKIM MILK, CREAM, CANE SUGAR, CHOCOLATE, CANE SUGAR, COCOA BUTTER, MILKFAT, SOY LECITHIN, VANILLA EXTRACT, EGG YOLKS, COCONUT OIL, COFFEE, VITAMIN A PALMITATE"
26_hd,Cookies and Cream Ice Cream,"Pieces of rich, chocolaty cookies are dunked in delicious, creamy vanilla ice cream to satisfy the milk-and-cookies kid in all of us.",4.6,23,"CREAM, SKIM MILK, SUGAR, EGG YOLKS, WHEAT FLOUR, VANILLA EXTRACT, COCOA PROCESSED WITH ALKALI, COCONUT OIL, BAKING SODA, CHOCOLATE, SALT"
27_hd,Double Belgian Chocolate Chip Ice Cream,"Your favorite Belgian chocolate ice cream, renamed. Our Belgian chocolate combines rich, velvety chocolate ice cream with finely shaved Belgian chocolate for a uniquely textured experience.",4.8,158,"CHOCOLATE ICE CREAM: CREAM, SKIM MILK, DARK CHOCOLATE (BELGIAN CHOCOLATE, SUGAR, COCOA BUTTER, SOY LECITHIN, VANILLA), SUGAR, EGG YOLKS, COCOA PROCESSED WITH ALKALI, VANILLA EXTRACT. CHOCOLATE CHUNKS WITH VEGETABLE OIL: BELGIAN CHOCOLATE (SUGAR, CHOCOLATE, COCOA BUTTER, SOY LECITHIN, NATURAL FLAVOR), COTTONSEED OIL, COCONUT OIL. CONTAINS: MILK, EGG AND SOY INGREDIENTS"
28_hd,Dulce de Leche Cookie Squares,A rich dark chocolate cookie topped with dulce de leche ice cream and swirls of luscious caramel coated in a milk chocolate shell with a drizzle of dark chocolate.,3.9,35,"ULCE DE LECHE ICE CREAM: CREAM, SKIM MILK, SUGAR, SWEETENED CONDENSED MILK (MILK,SUGAR), EGG YOLKS, CORN SYRUP, BAKING SODA, SALT, VANILLA EXTRACT. MILK CHOCOLATE AND VEGETABLE OIL COATING: MILK CHOCOLATE (SUGAR, WHOLE MILK POWDER, CHOCOLATE, COCOA BUTTER, SOY LECITHIN, VANILLA EXTRACT), COCONUT OIL. CHOCOLATE COOKIE: BLEACHED WHEAT FLOUR, SUGAR, PALM OIL, COCOA PROCESSED WITH ALKALI, CORN SYRUP, MOLASSES, BAKING SODA, SALT, SOY LECITHIN. CARAMEL SWIRL: SWEETENED CONDENSED MILK (MILK, SUGAR), SUGAR, WATER, CORN SYRUP, COCONUT OIL, PECTIN, SOY LECITHIN, SALT, BAKING SODA, VANILLA EXTRACT. DARK CHOCOLATE DRIZZLE WITH VEGETABLE OIL: DARK CHOCOLATE (SUGAR, CHOCOLATE, SOY LECITHIN, VANILLA EXTRACT), COCONUT OIL, SOYBEAN OIL"
29_hd,Dulce de Leche Ice Cream,"Inspired by Latin America's treasured dessert, our dulce de leche ice cream is a delicious combination of caramel and sweet cream, swirled with ribbons of golden caramel.",4.8,209,"CREAM, SKIM MILK, SUGAR, SWEETENED CONDENSED MILK, CONDENSED MILK, SUGAR, EGG YOLKS, CORN SYRUP, COCONUT OIL, PECTIN, SOY LECITHIN, SALT, BAKING SODA, VANILLA EXTRACT"
30_hd,Green Tea Ice Cream,"We make our green tea ice cream from a highly sought-after Japanese matcha green tea, a ceremonial tea prized for its intense yet delicate essence. enjoy its soothing flavor enhanced with the richness of pure, sweet cream.",4.2,109,"CREAM, SKIM MILK, CANE SUGAR, EGG YOLKS, GREEN TEA"
31_hd,Honey Salted Caramel Almond Ice Cream,"This decadent blend of honey ice cream, swirls of salted caramel, and crunchy toasted almonds was lovingly crafted to raise awareness for the honeybees and other pollinators who bring us so many of our favorite ingredients.",5.0,103,"CREAM, SKIM MILK, SUGAR, SWEETENED CONDENSED MILK, CONDENSED MILK, SUGAR, CORN SYRUP, EGG YOLKS, HONEY, BUTTER, CREAM, SALT, SALT, SAFFLOWER OIL, VANILLA EXTRACT, PECTIN, BAKING SODA"
32_hd,Irish Cream Cookie Squares,A rich chocolate cookie topped with ice cream that’s infused with Irish Cream before the entire square is dipped in decadent dark chocolate.,4.9,14,"CREAM, SKIM MILK, SUGAR, CORN SYRUP, EGG YOLKS, COFFEE, BOURBON, COCOA, SALT, DARK CHOCOLATE, SUGAR, CHOCOLATE, SOY LECITHIN, VANILLA EXTRACT, COCONUT OIL, BLEACHED WHEAT FLOUR, SUGAR, PALM OIL, CORN SYRUP, COCOA PROCESSED WITH ALKALI, MOLASSES, BAKING SODA, SALT, SUGAR, CORN STARCH, SUNFLOWER OIL, COCOA, SALT, SUGAR, COCOA BUTTER, SKIM MILK, SOY LECITHIN, VANILLA EXTRACT, COCONUT OIL"
33_hd,Irish Cream Brownie Ice Cream,Irish Cream infused into our ice cream with rich chocolate brownie pieces and a decadent fudge swirl.,4.3,85,"CREAM, SKIM MILK, SUGAR, CORN SYRUP, POWDERED SUGAR, SUGAR, CORN STARCH, EGG YOLKS, SUNFLOWER OIL, COCOA, WHEAT FLOUR, COCOA PROCESSED WITH ALKALI, SOYBEAN OIL, COFFEE, CORN STARCH, EGGS, SALT, NATURAL FLAVORS, SUNFLOWER LECITHIN, BAKING SODA"
34_hd,Lemon Sorbet,"Juicy, sun-ripened lemons create a tart yet sweet fruit sorbet. An indulgent treat with a delicate flavor that dazzles your tongue and refreshes your senses.",4.8,17,"WATER, SUGAR, CORN SYRUP, LEMON JUICE CONCENTRATE, PECTIN, NATURAL FLAVOR, CITRIC ACID"
35_hd,Lemon Raspberry White Chocolate TRIO CRISPY LAYERS,Our Lemon Raspberry White Chocolate TRIO Crispy Layers weaves lemon and raspberry ice creams between perfectly crispy white chocolate and sweet raspberry sauce for a uniquely tantilizing treat.,4.3,51,"CREAM, SKIM MILK, SUGAR, RASPBERRY PUREE, EGG YOLKS, LEMON JUICE CONCENTRATE, NATURAL FLAVOR, CREAM, SKIM MILK, SUGAR, EGG YOLKS, CORN SYRUP, LEMON JUICE CONCENTRATE, SUGAR, COCOA BUTTER, NONFAT DRY MILK, COCONUT OIL, SKIM MILK, SOY LECITHIN, RASPBERRY PUREE, SUGAR, WATER, LEMON JUICE CONCENTRATE, PECTIN, NATURAL FLAVOR"
36_hd,Mango Ice Cream,Our ode to the tropical flavors of South America combines sweet mango ice cream and slices of juicy mango for a simply perfect treat.,4.8,44,"CREAM, SKIM MILK, SUGAR, MANGO PUREE, MANGO, CORN SYRUP, EGG YOLKS, PECTIN, ORANGE JUICE CONCENTRATE, NATURAL FLAVOR, LEMON JUICE CONCENTRATE"
37_hd,Mango Sorbet,"We blended juicy, tropical mangos into a smooth puree to create a refreshing treat with sweet fruit intensity.",4.6,20,"WATER, SUGAR, MANGO PUREE, NATURAL FLAVOR, CARROT JUICE CONCENTRATE, LEMON JUICE CONCENTRATE, PUMPKIN JUICE CONCENTRATE, PECTIN"
38_hd,Mint Chip Ice Cream,"We infuse mint essence into a smooth, creamy base and add rich chocolaty chips for the perfect finish to this refreshingly cool treat.",3.4,35,"CREAM, SKIM MILK, SUGAR, LACTOSE REDUCED SKIM MILK, CORN SYRUP, EGG YOLKS, COCONUT OIL, COCOA POWDER, BUTTER OIL, SOY LECITHIN, NATURAL FLAVOR, SALT, MILK"
39_hd,Peanut Butter Cookie Squares,"A chocolate cookie topped with our delicious peanut butter ice cream swirled with more creamy peanut butter, then dipped in milk chocolate and drizzled with a dark chocolate.",4.4,14,"CREAM, SKIM MILK, SUGAR, PEANUTS, EGG YOLKS, PEANUT OIL, COCONUT OIL, MILK CHOCOLATE, SUGAR, WHOLE MILK POWDER, CHOCOLATE, COCOA BUTTER, SOY LECITHIN, VANILLA EXTRACT, BLEACHED WHEAT FLOUR, SUGAR, PALM OIL, CORN SYRUP, COCOA PROCESSED WITH ALKALI, MOLASSES, BAKING SODA, SALT, PEANUTS, SUGAR, PEANUT OIL, DARK CHOCOLATE, SUGAR, CHOCOLATE, SOY LECITHIN, VANILLA EXTRACT, COCONUT OIL, SOYBEAN OIL"
40_hd,Peanut Butter Chip HEAVEN Light Ice Cream,"Introducing new HEAVEN Peanut Butter Chip light ice cream. Satisfy your sweet tooth with vanilla light ice cream, a swirl of creamy peanut butter, and the satisfying crunch of chocolate chips.",2.7,25,"SKIM MILK, CREAM, CANE SUGAR, PEANUTS, EGG YOLKS, CHOCOLATE, COCOA BUTTER, PEANUT OIL, VANILLA EXTRACT, SALT, VITAMIN A PALMITATE"
41_hd,Peanut Butter Chocolate Fudge Non-Dairy,"Instead of distracting dairy substitutes, we mix the creamiest peanut butter with ribbons of rich chocolate fudge and crunchy peanuts. It's the ultimate indulgence that just happens to be non-dairy and vegan.",4.6,24,"WATER, CORN SYRUP, SUGAR, PEANUTS, POWDERED SUGAR, SUGAR, CORN STARCH, SUNFLOWER OIL, COCOA, PEANUT OIL, COCONUT OIL, PECTIN, SALT, SUNFLOWER LECITHIN"
42_hd,Peanut Butter Chocolate Fudge Non-Dairy Bar,Smooth peanut butter is swirled with decadent chocolate fudge then coated in crisp dark chocolate and a dark chocolate drizzle for a playfully pure non-dairy and vegan indulgence.,4.8,32,"PEANUT BUTTER FROZEN DESSERT: WATER, CORN SYRUP, SUGAR, PEANUTS, PEANUT OIL, COCONUT OIL, PECTIN, SALT. DARK CHOCOLATE AND VEGETABLE OIL COATING: DARK CHOCOLATE (SUGAR, CHOCOLATE, SOY LECITHIN, VANILLA EXTRACT), COCONUT OIL, SOYBEAN OIL. SALTED FUDGE SWIRL: POWDERED CANE SUGAR (CANE SUGAR, CORN STARCH), SUNFLOWER OIL, COCOA, SALT, SUNFLOWER LECITHIN"
43_hd,Peppermint Bark Ice Cream,Celebrate the season with our rendition of this holiday classic. Rich white chocolate ice cream is blended with crunchy chocolaty peppermint bark and peppermint candy pieces.,5.0,31,"WHITE CHOCOLATE ICE CREAM (CREAM, SKIM MILK, SUGAR, CORN SYRUP, EGG YOLKS, NATURAL FLAVOR, COCOA BUTTER), PEPPERMINT BARK PIECES (SUGAR, COCONUT OIL, COCOA PROCESSED WITH ALKALI, NONFAT DRY MILK, BUTTERFAT, COCOA, SOY LECITHIN, NATURAL FLAVOR, SALT, CORN SYRUP, VEGETABLE JUICE (FOR COLOR), PEPPERMINT OIL), PEPPERMINT TWISTS CANDY (SUGAR, CORN SYRUP, PALM KERNEL OIL, VEGETABLE JUICE (FOR COLOR), PEPPERMINT OIL, SOY LECITHIN)"
44_hd,Peppermint Bark Ice Cream Bar,"Our peppermint bark ice cream bars start with decadent white chocolate ice cream, dipped in thick, dark chocolate, then speckled with cool peppermint candy pieces.",5.0,8,"WHITE CHOCOLATE ICE CREAM: CREAM, SKIM MILK, SUGAR, CORN SYRUP, EGG YOLKS, NATURAL FLAVOR, COCOA BUTTER. DARK CHOCOLATE AND VEGETABLE OIL COATING WITH PEPPERMINT CANDY PIECES: DARK CHOCOLATE (SUGAR, CHOCOLATE, SOY LECITHIN, VANILLA EXTRACT), PEPPERMINT CANDY PIECES: (SUGAR, CORN SYRUP, COCONUT OIL, NATURAL FLAVOR, SOY LECITHIN), COCONUT OIL, SOYBEAN OIL"
45_hd,Pineapple Coconut Ice Cream,"Let us take you on a voyage to a tropical island where exotic fruits ripen in the golden sun. We combine pure, sweet cream, tropical pineapple, and delectable coconut flavor for a truly indulgent ice cream experience.",4.5,105,"CREAM, SKIM MILK, CANE SUGAR, PINEAPPLE, EGG YOLKS, NATURAL FLAVOR, RUM, SALT"
46_hd,Pistachio Ice Cream,Its exotic flavor is the hallmark of this remarkable dessert. roasted pistachio nuts gently mixed with pure sweet cream brings out the best in this pairing.,3.8,64,"WEET CREAM ICE CREAM: CREAM, SKIM MILK, SUGAR, LACTOSE REDUCED SKIM MILK, CORN SYRUP, EGG YOLKS, SALT. ROASTED PISTACHIOS: PISTACHIOS, SAFFLOWER OIL"
47_hd,Raspberry Sorbet,"We blended delicious, ripe raspberries into a smooth puree for this tangy yet sweet fruit sorbet. It's refreshing and smooth with a sweet flavor intensity.",4.5,14,"WATER, SUGAR, RASPBERRY PUREE, CORN SYRUP, PECTIN, LEMON JUICE CONCENTRATE"
48_hd,Rocky Road Ice Cream,"Velvety swirls of marshmallow, roasted almonds, and our legendary chocolate ice cream come together in this playful ice cream delight.",4.6,29,"CREAM, SKIM MILK, SUGAR, CORN SYRUP, COCOA PROCESSED WITH ALKALI, EGG YOLKS, CORN STARCH, SAFFLOWER OIL, EGG WHITES, CREAM OF TARTAR, SALT, PECTIN, NATURAL FLAVOR"
49_hd,Rosé & Cream Ice Cream,"Indulge in this new wine infused sweet cream ice cream folded together with a refreshingly tart Rosé flavored swirl.
*Contains Less Than 0.5% Alcohol by Volume",4.4,23,"CREAM, SKIM MILK, SUGAR, EGG YOLKS, GRAPE JUICE CONCENTRATE, NATURAL FLAVOR, CITRIC ACID, WINE, SALT, PECTIN"
50_hd,Ruby Cacao Ice Cream Bar,"Indulge in the decadent crunch of a ruby cacao shell and our creamy sweet cream ice cream, for a sensorial experience of luscious smoothness with berry fruity notes.",3.5,31,"CREAM, SKIM MILK, SUGAR, COCOA BUTTER, WHOLE MILK POWDER, EGG YOLKS, CHOCOLATE, MILKFAT, CITRIC ACID, SOY LECITHIN.
CONTAINS: MILK, EGG AND SOY INGREDIENTS"
51_hd,Ruby Cacao Crackle Pistachio Sweet Cream TRIO CRISPY LAYERS,Crispy and rich ruby cacao layers complement our smooth pistachio and sweet cream ice cream in this sensorial delight.,4.0,46,"CREAM, SKIM MILK, SUGAR, CORN SYRUP, EGG YOLKS, COCOA BUTTER, WHOLE MILK POWDER, PISTACHIO PASTE, CHOCOLATE, MILKFAT, NATURAL FLAVOR, SOY LECITHIN, CITRIC ACID, VEGETABLE JUICE CONCENTRATE COLOR.
CONTAINS: MILK, EGG, PISTACHIOS AND SOY INGREDIENTS"
52_hd,Rum Raisin Ice Cream,"We soak plump raisins in rum and add pure, sweet cream for a rich, flavorful experience infused with just the right hint of warmth.",3.5,129,"CREAM, SKIM MILK, CANE SUGAR, RAISINS, EGG YOLKS, RUM"
53_hd,Rum Tres Leches Ice Cream,"A Latin American inspired indulgence, we infuse smooth white Rum into our ice cream then add thick ribbons of dulce de leche and chunks of sweet Tres Leches cake.",4.0,97,"CREAM, SKIM MILK, SUGAR, SWEETENED CONDENSED MILK, CONDENSED MILK, SUGAR, EGG YOLKS, CORN SYRUP, WHEAT FLOUR, PALM OIL, RUM, EGGS, COCONUT OIL, PECTIN, SOY LECITHIN, EVAPORATED MILK, SALT, SOYBEAN OIL, BAKING SODA, NATURAL FLAVORS, POWDERED SUGAR, SUGAR, CORN STARCH"
54_hd,Salted Caramel Chocolate TRIO CRISPY LAYERS,Journey through layers of lightly salted caramel ice cream and irresistible chocolate ice cream stacked between crisp Belgian chocolate for an unmistakably sophisticated sweetness.,3.4,55,"CREAM, SKIM MILK, CANE SUGAR, COCOA PROCESSED WITH ALKALI, CREAM, SKIM MILK, CANE SUGAR, SWEETENED CONDENSED MILK, MILK, CANE SUGAR, CORN SYRUP, EGG YOLKS, CARAMELIZED SUGAR, CANE SUGAR, WATER, SEA SALT, BAKING SODA, SOY LECITHIN, VANILLA EXTRACT, SUGAR, COCONUT OIL, WHOLE MILK POWDER, COCOA BUTTER, SOY LECITHIN"
55_hd,Strawberry Ice Cream,"We introduce sweet summer strawberries to pure cream and other natural ingredients. Because it's brimming with real fruit, the true flavor of our strawberries comes shining through.",4.8,108,"CREAM, SKIM MILK, STRAWBERRIES, CANE SUGAR, EGG YOLKS"
56_hd,Strawberry Waffle Cone HEAVEN Light Ice Cream,Introducing new HEAVEN Strawberry Waffle Cone light ice cream. Delight in the sweet taste of strawberry light ice cream dappled with crunchy pieces of chocolate-covered waffle cone.,4.2,18,"CANE SUGAR, SKIM MILK, STRAWBERRIES, CREAM, CHOCOLATY COATED CONE PIECES, COCONUT OIL, CANE SUGAR, WAFFLE CONE PIECES, WHEAT FLOUR, CANE SUGAR, SOYBEAN OIL, SOY LECITHIN, NATURAL FLAVOR, SALT, COCOA PROCESSED WITH ALKALI, VANILLA EXTRACT, EGG YOLKS, PECTIN, VITAMIN A PALMITATE"
57_hd,Triple Chocolate TRIO CRISPY LAYERS,"Velvety white chocolate ice cream complemented by smooth milk chocolate ice cream with the delightful crunch of crispy Belgian chocolate layers. At last, the joy of chocolate without having to choose.",3.9,52,"CREAM, SKIM MILK, CANE SUGAR, EGG YOLKS, COCOA BUTTER, CREAM, SKIM MILK, CANE SUGAR, COCOA PROCESSED WITH ALKALI, SUGAR, COCONUT OIL, SOY LECITHIN, VANILLA EXTRACT"
58_hd,Vanilla Cookie Squares,A dark chocolate cookie gets even more decadent when it's topped with our signature vanilla ice cream then dipped in a dark chocolate shell and a milk chocolate drizzle.,4.3,32,"CREAM, SKIM MILK, SUGAR, EGG YOLKS, DARK CHOCOLATE, SUGAR, CHOCOLATE, SOY LECITHIN, VANILLA EXTRACT, COCONUT OIL, BLEACHED WHEAT FLOUR, SUGAR, PALM OIL, COCOA PROCESSED WITH ALKALI, CORN SYRUP, MOLASSES, BAKING SODA, SALT, MILK CHOCOLATE, SUGAR, WHOLE MILK POWDER, CHOCOLATE, COCOA BUTTER, SOY LECITHIN, VANILLA EXTRACT"
59_hd,Vanilla Ice Cream,"Vanilla is the essence of elegance and sophistication. This marriage of pure, sweet cream and Madagascar vanilla creates the sweet scent of exotic spice and a distinctive taste that lingers on your tongue.",3.0,228,"CREAM, SKIM MILK, CANE SUGAR, EGG YOLKS, VANILLA EXTRACT"
60_hd,Vanilla Soft Dipped Ice Cream Bar,"Introducing Soft Dipped Ice Cream Bars, a luscious combination of creamy vanilla ice cream covered in a soft chocolate truffle coating - the ultimate luxurious taste sensation.",4.4,13,"VANILLA ICE CREAM: CREAM, SKIM MILK, SUGAR, EGG YOLKS, VANILLA EXTRACT. CHOCOLATY COATING: SUGAR, COCOA PROCESSED WITH ALKALI, CANOLA OIL, PALM OIL, SOY LECITHIN.
CONTAINS: MILK, EGG AND SOY INGREDIENTS"
61_hd,Vanilla Bean Ice Cream,"a unique twist to our iconic flavor. our ice cream blends Madagascar vanilla and pure, sweet cream with flecks of real vanilla beans, for a spicy and sweet delight.",4.5,115,"CREAM, SKIM MILK, CANE SUGAR, EGG YOLKS, GROUND VANILLA BEANS, VANILLA EXTRACT"
62_hd,Vanilla Blackberry Chocolate TRIO CRISPY LAYERS,"It begins with the classic taste of pure vanilla ice cream then, one layer of crispy Belgian chocolate later, becomes the vine-ripened intensity of blackberry ice cream.",4.3,74,"CREAM, SKIM MILK, CANE SUGAR, EGG YOLKS, CREAM, SKIM MILK, CANE SUGAR, EGG YOLKS, NATURAL FLAVOR, LEMON JUICE CONCENTRATE, SUGAR, COCONUT OIL, SOY LECITHIN"
63_hd,Vanilla Caramel White Chocolate TRIO CRISPY LAYERS,This incredible combination of tastes and textures combines layers of vanilla and caramel ice cream with crunchy white chocolate and sweet caramel sauce.,5.0,32,"CREAM, SKIM MILK, SUGAR, SWEETENED CONDENSED MILK, CONDENSED MILK, SUGAR, CORN SYRUP, EGG YOLKS, CARAMELIZED SUGAR, SUGAR, WATER, SEA SALT, BAKING SODA, SOY LECITHIN, VANILLA EXTRACT, CREAM, SKIM MILK, SUGAR, EGG YOLKS, SUGAR, COCOA BUTTER, NONFAT DRY MILK, COCONUT OIL, SKIM MILK, SOY LECITHIN, CORN SYRUP, SWEETENED CONDENSED MILK, CONDENSED MILK, SUGAR, CREAM, SUGAR, WATER, BUTTER, CREAM, SALT, SALT, PECTIN, SOY LECITHIN"
64_hd,Vanilla Chocolate Chip Ice Cream,"Our delectable chocolate chips are swirled with our creamy, smooth vanilla ice cream, allowing two flavor titans to come together in this classically indulgent treat.",4.5,46,"CREAM, SKIM MILK, SUGAR, LACTOSE REDUCED SKIM MILK, CHOCOLATE, CORN SYRUP, EGG YOLKS, COCOA BUTTER, SALT, VANILLA EXTRACT"
65_hd,Vanilla Milk Chocolate Ice Cream Bar,"Pure, sweet vanilla blends with sweet cream to make our incredibly smooth vanilla ice cream. Dipped in a milk chocolate coating and drizzled with fine milk chocolate, it's so thick and delicious you'll find it impossible to resist.",4.6,76,"CREAM, SKIM MILK, SUGAR, EGG YOLKS, VANILLA EXTRACT, MILK CHOCOLATE, SUGAR, WHOLE MILK POWDER, CHOCOLATE, COCOA BUTTER, SOY LECITHIN, VANILLA EXTRACT, COCONUT OIL"
66_hd,Vanilla Milk Chocolate Almond Ice Cream Bar,"We start with pure, sweet vanilla and blend it with sweet, fresh cream to make our incredibly smooth vanilla ice cream. Then we dip it in a crunchy roasted almond and milk chocolate coating.",2.5,224,"CREAM, SKIM MILK, SUGAR, EGG YOLKS, MILK CHOCOLATE, SUGAR, WHOLE MILK POWDER, CHOCOLATE, COCOA BUTTER, SOY LECITHIN, VANILLA EXTRACT, ALMONDS ROASTED IN VEGETABLE OIL, SAFFLOWER OIL, COCONUT OIL"
67_hd,Vanilla Swiss Almond Ice Cream,An almond lover's delight. Our dry-roasted almonds are lightly coated with sweet chocolate and combined with our distinctive vanilla ice cream. Simple yet perfect.,4.3,129,"CREAM, SKIM MILK, SUGAR, LACTOSE REDUCED SKIM MILK, CORN SYRUP, EGG YOLKS, CHOCOLATE, COCOA BUTTER, SALT"
68_hd,Whiskey Hazelnut Latte Ice Cream,"This new spiked latte inspired treat is a delicious whiskey infused coffee ice cream blended with ribbons of hazelnut fudge and chocolate espresso flakes.
*Contains Less Than 0.5% Alcohol by Volume",4.5,11,"CREAM, SKIM MILK, SUGAR, EGG YOLKS, BROWN SUGAR, COFFEE, MOLASSES, NATURAL FLAVOR, CORN STARCH, POWDERED SUGAR, SOYBEAN OIL, COCOA PROCESSED WITH ALKALI, COCOA BUTTER, SOY LECITHIN, CHOCOLATE, CANE SUGAR, CHOCOLATE, COCOA BUTTER, MILKFAT, SOY LECITHIN, VANILLA EXTRACT, COCONUT OIL, COFFEE"
69_hd,White Chocolate Raspberry Ice Cream Bar,"Inspired by a familiar favorite, this bar of smooth white chocolate ice cream with swirls of tart raspberry is dipped in milk chocolate and then sprinkled with dark chocolate. Perfect for getting carried away.",3.9,11,"WHITE CHOCOLATE ICE CREAM, CREAM, SKIM MILK, SUGAR, EGG YOLKS, COCOA BUTTER, NATURAL FLAVOR, MILK CHOCOLATE AND VEGETABLE OIL COATING, MILK CHOCOLATE, SUGAR, WHOLE MILK POWDER, CHOCOLATE, COCOA BUTTER, SOY LECITHIN, VANILLA EXTRACT, COCONUT OIL, RASPBERRY SWIRL, RASPBERRY PUREE, SUGAR, WATER, LEMON JUICE CONCENTRATE, PECTIN, NATURAL FLAVOR, DARK CHOCOLATE, SUGAR, CHOCOLATE, SOY LECITHIN, VANILLA EXTRACT, COCONUT OIL, SOYBEAN OIL"
